"chromosomeName"	"start"	"end"	"readsL"	"readsR"	"isNonBlind"	"leftFragEndValid"	"rightFragEndValid"
10	69900252	69900422	5	157	FALSE	TRUE	TRUE
10	69900427	69900454	5	1	FALSE	TRUE	TRUE
10	69900459	69900777	13	44	TRUE	TRUE	TRUE
10	69900782	69900783	0	5	FALSE	FALSE	FALSE
10	69900788	69900862	47	3	FALSE	TRUE	TRUE
10	69900867	69900940	0	82	TRUE	FALSE	FALSE
10	69900945	69901649	8	310	TRUE	FALSE	TRUE
10	69901654	69902664	0	2	TRUE	FALSE	TRUE
10	69902669	69902958	0	1443	FALSE	TRUE	TRUE
10	69902963	69903473	103	1	TRUE	TRUE	TRUE
10	69903478	69903478	2	3	FALSE	FALSE	FALSE
10	69903483	69903655	1	29	FALSE	TRUE	TRUE
10	69903660	69903710	36	15	FALSE	FALSE	FALSE
10	69903715	69903876	0	12	TRUE	TRUE	TRUE
10	69903881	69904233	6	2	TRUE	TRUE	TRUE
10	69904238	69904691	4	3	TRUE	TRUE	TRUE
10	69904696	69904925	2	18	TRUE	TRUE	FALSE
10	69904930	69904979	514	0	FALSE	FALSE	FALSE
10	69904984	69905552	16	5	TRUE	FALSE	TRUE
10	69905557	69905893	0	2	TRUE	TRUE	TRUE
10	69905898	69906001	22	3	FALSE	TRUE	TRUE
10	69906006	69906573	112	1	TRUE	TRUE	TRUE
10	69906578	69906632	10	1	FALSE	TRUE	TRUE
10	69906637	69906856	2	2	FALSE	TRUE	TRUE
10	69906861	69907065	0	0	TRUE	TRUE	TRUE
10	69907070	69907312	0	7	TRUE	FALSE	TRUE
10	69907317	69907334	2	10	FALSE	FALSE	FALSE
10	69907339	69907632	758	0	TRUE	TRUE	TRUE
10	69907637	69907653	7	1	FALSE	FALSE	FALSE
10	69907658	69907810	0	3	TRUE	TRUE	TRUE
10	69907815	69908273	7	1	TRUE	FALSE	TRUE
10	69908278	69908282	11	0	FALSE	FALSE	FALSE
10	69908287	69908295	0	3	FALSE	FALSE	FALSE
10	69908300	69908300	3	9	FALSE	FALSE	FALSE
10	69908305	69908560	3	1	FALSE	TRUE	TRUE
10	69908565	69908601	12	5	FALSE	TRUE	TRUE
10	69908606	69908662	7	94	FALSE	TRUE	TRUE
10	69908667	69908844	1458	25	TRUE	TRUE	FALSE
10	69908849	69908852	0	17	FALSE	FALSE	FALSE
10	69908857	69908887	3	0	FALSE	TRUE	TRUE
10	69908892	69909059	0	1	TRUE	FALSE	TRUE
10	69909064	69909176	0	10	FALSE	TRUE	TRUE
10	69909181	69909561	2	0	TRUE	TRUE	FALSE
10	69909566	69909609	3	70	FALSE	TRUE	TRUE
10	69909614	69909894	3	0	FALSE	TRUE	TRUE
10	69909899	69910439	1	0	FALSE	TRUE	TRUE
10	69910444	69910719	0	25	TRUE	FALSE	TRUE
10	69910724	69910988	0	1	TRUE	TRUE	TRUE
10	69910993	69911061	2	5	TRUE	FALSE	TRUE
10	69911066	69911200	3	0	FALSE	TRUE	TRUE
10	69911205	69911380	2	24	FALSE	TRUE	TRUE
10	69911385	69911661	130	7	FALSE	TRUE	TRUE
10	69911666	69911749	3	5	FALSE	TRUE	TRUE
10	69911754	69911768	0	176	FALSE	FALSE	FALSE
10	69911773	69911941	1	0	FALSE	TRUE	TRUE
10	69911946	69912059	54	6	TRUE	TRUE	TRUE
10	69912064	69912075	6	20	FALSE	FALSE	FALSE
10	69912080	69912207	141	165	FALSE	TRUE	TRUE
10	69912212	69912241	4	15	FALSE	TRUE	TRUE
10	69912246	69912452	0	448	FALSE	TRUE	FALSE
10	69912457	69912547	6	391	FALSE	TRUE	TRUE
10	69912552	69912593	28	44	FALSE	FALSE	TRUE
10	69912598	69912670	0	220	TRUE	TRUE	FALSE
10	69912675	69912802	3	298	FALSE	TRUE	FALSE
10	69912807	69912851	0	475	FALSE	TRUE	TRUE
10	69912856	69912896	495	396	FALSE	TRUE	FALSE
10	69912901	69912941	252	476	FALSE	FALSE	FALSE
10	69912946	69913066	204	130	TRUE	FALSE	TRUE
10	69913071	69913248	61	226	FALSE	TRUE	TRUE
10	69913253	69913518	498	470	FALSE	TRUE	TRUE
10	69913523	69913533	871	1031	FALSE	FALSE	FALSE
10	69913538	69914240	763	1645	TRUE	TRUE	FALSE
10	69914245	69914296	1302	1672	FALSE	TRUE	TRUE
10	69914301	69914595	1595	1475	TRUE	TRUE	TRUE
10	69914600	69914797	1720	1304	TRUE	TRUE	TRUE
10	69914802	69915077	1277	603	TRUE	FALSE	TRUE
10	69915082	69915347	585	669	TRUE	TRUE	FALSE
10	69915352	69915853	211	359	TRUE	TRUE	TRUE
10	69915858	69916611	0	17	FALSE	TRUE	TRUE
10	69916616	69916714	7	6	FALSE	TRUE	TRUE
10	69916719	69916742	0	9	FALSE	FALSE	FALSE
10	69916747	69916791	1	2	FALSE	TRUE	TRUE
10	69916796	69917405	8	43	TRUE	TRUE	TRUE
10	69917410	69917546	186	2	TRUE	FALSE	FALSE
10	69917551	69917943	33	7	TRUE	TRUE	TRUE
10	69917948	69918555	3	9	FALSE	TRUE	TRUE
10	69918560	69918634	0	1	FALSE	TRUE	TRUE
10	69918639	69919307	80	0	TRUE	TRUE	TRUE
10	69919312	69919352	28	0	FALSE	TRUE	TRUE
10	69919357	69919634	22	0	FALSE	TRUE	TRUE
10	69919639	69919643	9	10	FALSE	FALSE	FALSE
10	69919648	69919984	0	0	TRUE	TRUE	TRUE
10	69919989	69920346	6	2	TRUE	TRUE	TRUE
10	69920351	69920397	0	3	FALSE	TRUE	TRUE
10	69920402	69920407	3	2	FALSE	FALSE	FALSE
10	69920412	69920488	78	52	TRUE	FALSE	FALSE
10	69920493	69921067	9	12	TRUE	FALSE	FALSE
10	69921072	69921112	72	0	FALSE	TRUE	FALSE
10	69921117	69921122	4	4	FALSE	FALSE	FALSE
10	69921127	69921429	352	32	TRUE	TRUE	TRUE
10	69921434	69921495	1	1242	TRUE	TRUE	FALSE
10	69921500	69921654	4	6	TRUE	TRUE	FALSE
10	69921659	69921734	39	6	TRUE	TRUE	FALSE
10	69921739	69921992	2	179	TRUE	TRUE	TRUE
10	69921997	69922027	2	0	FALSE	TRUE	TRUE
10	69922032	69922437	41	2	TRUE	TRUE	TRUE
10	69922442	69922647	12	2	TRUE	FALSE	TRUE
10	69922652	69922679	10	151	FALSE	TRUE	TRUE
10	69922684	69922729	5	52	TRUE	FALSE	TRUE
10	69922734	69922840	14	78	TRUE	FALSE	TRUE
10	69922845	69922921	38	332	FALSE	TRUE	TRUE
10	69922926	69923162	8	333	TRUE	TRUE	FALSE
10	69923167	69923725	16	572	TRUE	FALSE	TRUE
10	69923730	69923991	334	0	TRUE	TRUE	TRUE
10	69923996	69924006	0	384	FALSE	FALSE	FALSE
10	69924011	69924080	246	623	FALSE	TRUE	TRUE
10	69924085	69924108	646	346	FALSE	FALSE	FALSE
10	69924113	69924137	350	372	FALSE	FALSE	FALSE
10	69924142	69924204	376	0	FALSE	TRUE	TRUE
10	69924209	69924220	920	852	FALSE	FALSE	FALSE
10	69924225	69924253	458	796	FALSE	TRUE	TRUE
10	69924258	69924308	1154	536	FALSE	TRUE	TRUE
10	69924313	69924479	253	688	FALSE	TRUE	TRUE
10	69924484	69924934	1154	1540	TRUE	TRUE	TRUE
10	69924939	69925023	1828	1440	TRUE	TRUE	TRUE
10	69925028	69925078	1701	1782	FALSE	FALSE	FALSE
10	69925083	69925249	1790	2361	TRUE	FALSE	TRUE
10	69925254	69925515	2462	2565	FALSE	TRUE	TRUE
10	69925520	69925991	2644	2022	TRUE	TRUE	TRUE
10	69925996	69926655	2238	1075	TRUE	TRUE	TRUE
10	69926660	69926888	965	898	TRUE	FALSE	TRUE
10	69926893	69927185	602	0	FALSE	TRUE	TRUE
10	69927190	69927246	384	0	FALSE	TRUE	TRUE
10	69927251	69927294	245	460	FALSE	TRUE	TRUE
10	69927299	69927427	677	0	FALSE	TRUE	TRUE
10	69927432	69927524	154	0	FALSE	TRUE	TRUE
10	69927529	69927871	17	883	TRUE	TRUE	TRUE
10	69927876	69927877	0	37	FALSE	FALSE	FALSE
10	69927882	69927895	0	193	FALSE	FALSE	FALSE
10	69927900	69928528	0	455	TRUE	TRUE	TRUE
10	69928533	69928538	2	10	FALSE	FALSE	FALSE
10	69928543	69928786	11	4	TRUE	TRUE	TRUE
10	69928791	69928827	812	3	FALSE	TRUE	TRUE
10	69928832	69928837	7	2	FALSE	FALSE	FALSE
10	69928842	69929177	1	21	TRUE	FALSE	TRUE
10	69929182	69929334	6	31	FALSE	TRUE	TRUE
10	69929339	69929412	10	0	FALSE	TRUE	TRUE
10	69929417	69929695	40	12	TRUE	TRUE	TRUE
10	69929700	69929954	0	22	TRUE	TRUE	TRUE
10	69929959	69930013	12	7	FALSE	TRUE	TRUE
10	69930018	69930054	2	22	FALSE	TRUE	TRUE
10	69930059	69930217	6	0	FALSE	TRUE	TRUE
10	69930222	69930630	2	236	TRUE	TRUE	TRUE
10	69930635	69930720	0	64	TRUE	FALSE	TRUE
10	69930725	69930765	0	2	FALSE	FALSE	FALSE
10	69930770	69930775	10	468	FALSE	FALSE	FALSE
10	69930780	69930859	4	10	FALSE	TRUE	FALSE
10	69930864	69931925	9	0	FALSE	FALSE	FALSE
10	69931930	69932689	3	4	TRUE	TRUE	FALSE
10	69932694	69933025	7	0	TRUE	TRUE	TRUE
10	69933030	69933033	0	163	FALSE	FALSE	FALSE
10	69933038	69933070	18	2	FALSE	TRUE	TRUE
10	69933075	69933559	2	258	TRUE	TRUE	TRUE
10	69933564	69933622	2	4	FALSE	TRUE	TRUE
10	69933627	69933702	161	9	TRUE	FALSE	FALSE
10	69933707	69933712	0	2	FALSE	FALSE	FALSE
10	69933717	69933921	24	0	FALSE	TRUE	TRUE
10	69933926	69934383	2	1	FALSE	TRUE	TRUE
10	69934388	69934410	67	1	FALSE	FALSE	FALSE
10	69934415	69934626	0	152	TRUE	TRUE	TRUE
10	69934631	69934706	237	7	TRUE	FALSE	TRUE
10	69934711	69934763	0	12	FALSE	TRUE	TRUE
10	69934768	69935046	1	9	TRUE	FALSE	TRUE
10	69935051	69935360	41	13	FALSE	TRUE	TRUE
10	69935365	69935432	38	3	TRUE	FALSE	TRUE
10	69935437	69935698	0	1	TRUE	TRUE	TRUE
10	69935703	69935908	8	0	TRUE	TRUE	TRUE
10	69935913	69936295	496	8	FALSE	TRUE	TRUE
10	69936300	69936446	2	2	FALSE	TRUE	TRUE
10	69936451	69936655	0	294	FALSE	TRUE	TRUE
10	69936660	69936924	2	9	TRUE	TRUE	TRUE
10	69936929	69936934	4	3	FALSE	FALSE	FALSE
10	69936939	69937001	0	4	FALSE	TRUE	TRUE
10	69937006	69937162	2	0	TRUE	TRUE	FALSE
10	69937167	69937167	11	16	FALSE	FALSE	FALSE
10	69937172	69937347	85	5	TRUE	TRUE	TRUE
10	69937352	69937545	0	3	FALSE	TRUE	TRUE
10	69937550	69937687	4	0	FALSE	TRUE	TRUE
10	69937692	69937717	2	128	FALSE	TRUE	TRUE
10	69937722	69938196	9	0	TRUE	TRUE	FALSE
10	69938201	69938423	0	0	TRUE	TRUE	FALSE
10	69938428	69938517	4	0	TRUE	TRUE	FALSE
10	69938522	69938541	1	4	FALSE	FALSE	FALSE
10	69938546	69938551	1	2	FALSE	FALSE	FALSE
10	69938556	69938915	16	1	FALSE	TRUE	TRUE
10	69938920	69938959	2	3	FALSE	TRUE	TRUE
10	69938964	69939100	2	45	FALSE	TRUE	TRUE
10	69939105	69939187	31	4	FALSE	TRUE	TRUE
10	69939192	69940492	0	30	TRUE	TRUE	TRUE
10	69940497	69941108	76	3	FALSE	TRUE	FALSE
10	69941113	69941200	9	2	FALSE	FALSE	TRUE
10	69941205	69941245	57	64	FALSE	TRUE	FALSE
10	69941250	69941325	5	26	TRUE	FALSE	FALSE
10	69941330	69941335	0	1	FALSE	FALSE	FALSE
10	69941340	69941437	19	10	TRUE	TRUE	TRUE
10	69941442	69942323	1	3	FALSE	TRUE	FALSE
10	69942328	69942372	0	42	FALSE	FALSE	TRUE
10	69942377	69942417	1427	0	FALSE	TRUE	TRUE
10	69942422	69942543	3	384	TRUE	FALSE	FALSE
10	69942548	69942606	3	198	FALSE	TRUE	TRUE
10	69942611	69942912	857	0	FALSE	TRUE	TRUE
10	69942917	69943032	1	4	FALSE	TRUE	FALSE
10	69943037	69943638	31	2	TRUE	TRUE	TRUE
10	69943643	69943732	4	7	FALSE	TRUE	TRUE
10	69943737	69944111	63	22	TRUE	FALSE	FALSE
10	69944116	69944396	5	85	TRUE	TRUE	TRUE
10	69944401	69944876	131	1	TRUE	TRUE	FALSE
10	69944881	69945345	21	33	TRUE	TRUE	TRUE
10	69945350	69945372	15	0	TRUE	FALSE	FALSE
10	69945377	69945454	1175	5	FALSE	TRUE	TRUE
10	69945459	69945567	177	1	FALSE	TRUE	TRUE
10	69945572	69945757	4	6	FALSE	TRUE	TRUE
10	69945762	69946224	0	4	TRUE	TRUE	TRUE
10	69946229	69946347	2	0	FALSE	TRUE	TRUE
10	69946352	69946409	0	1	FALSE	TRUE	TRUE
10	69946414	69946453	0	0	TRUE	FALSE	FALSE
10	69946458	69946853	6	0	TRUE	TRUE	TRUE
10	69946858	69946943	3	0	TRUE	FALSE	FALSE
10	69946948	69946988	11	2	FALSE	FALSE	TRUE
10	69946993	69947225	2	2	FALSE	TRUE	TRUE
10	69947230	69947343	80	43	FALSE	TRUE	TRUE
10	69947348	69947794	3	7	TRUE	TRUE	TRUE
10	69947799	69947839	3	9	FALSE	TRUE	TRUE
10	69947844	69947926	3	289	FALSE	TRUE	FALSE
10	69947931	69948155	1	40	TRUE	TRUE	FALSE
10	69948160	69948287	0	4	FALSE	TRUE	TRUE
10	69948292	69948427	148	246	FALSE	TRUE	TRUE
10	69948432	69948505	11	8	FALSE	TRUE	TRUE
10	69948510	69948551	0	10	TRUE	FALSE	TRUE
10	69948556	69948610	24	9	FALSE	TRUE	TRUE
10	69948615	69948757	1476	1	FALSE	TRUE	TRUE
10	69948762	69948919	9	3	TRUE	FALSE	TRUE
10	69948924	69949012	6	0	FALSE	TRUE	TRUE
10	69949017	69949043	2	57	FALSE	TRUE	TRUE
10	69949048	69949323	852	10	TRUE	FALSE	TRUE
10	69949328	69949349	826	1	TRUE	FALSE	FALSE
10	69949354	69949363	4	1	FALSE	FALSE	FALSE
10	69949368	69949372	0	12	FALSE	FALSE	FALSE
10	69949377	69949427	0	208	FALSE	TRUE	TRUE
10	69949432	69949561	2	6	FALSE	TRUE	TRUE
10	69949566	69950142	0	4	TRUE	TRUE	FALSE
10	69950147	69950758	0	0	TRUE	TRUE	TRUE
10	69950763	69950824	13	503	FALSE	FALSE	TRUE
10	69950829	69951690	1	5	TRUE	TRUE	TRUE
10	69951695	69952051	0	1400	TRUE	TRUE	TRUE
10	69952056	69952113	3	485	FALSE	TRUE	TRUE
10	69952118	69953132	66	4	TRUE	TRUE	TRUE
10	69953137	69953365	0	0	FALSE	TRUE	TRUE
10	69953370	69953423	0	5	TRUE	FALSE	TRUE
10	69953428	69953511	3	6	TRUE	TRUE	FALSE
10	69953516	69953798	10	2	TRUE	TRUE	TRUE
10	69953803	69954195	0	0	FALSE	TRUE	TRUE
10	69954200	69954250	691	88	FALSE	TRUE	TRUE
10	69954255	69954903	9	299	TRUE	TRUE	TRUE
10	69954908	69955649	0	542	TRUE	TRUE	FALSE
10	69955654	69955705	244	688	FALSE	TRUE	TRUE
10	69955710	69955713	89	596	FALSE	FALSE	FALSE
10	69955718	69955840	252	186	FALSE	TRUE	FALSE
10	69955845	69955864	362	425	FALSE	FALSE	FALSE
10	69955869	69956189	560	981	FALSE	TRUE	TRUE
10	69956194	69956394	637	548	TRUE	TRUE	TRUE
10	69956399	69956440	1232	499	FALSE	FALSE	TRUE
10	69956445	69957032	966	1509	TRUE	FALSE	TRUE
10	69957037	69957091	2070	1579	FALSE	TRUE	TRUE
10	69957096	69957202	1700	1716	TRUE	FALSE	TRUE
10	69957207	69957250	1885	2000	FALSE	TRUE	TRUE
10	69957255	69957700	2288	2482	TRUE	FALSE	TRUE
10	69957705	69957724	2129	1771	FALSE	FALSE	FALSE
10	69957729	69957737	2481	1642	FALSE	FALSE	FALSE
10	69957742	69958035	1824	2352	FALSE	TRUE	TRUE
10	69958040	69958370	2243	1843	FALSE	TRUE	TRUE
10	69958375	69958441	1403	977	FALSE	TRUE	TRUE
10	69958446	69958540	1439	1281	FALSE	TRUE	FALSE
10	69958545	69958580	1309	1070	FALSE	FALSE	FALSE
10	69958585	69958605	1484	1033	FALSE	FALSE	FALSE
10	69958610	69958722	1423	617	FALSE	TRUE	FALSE
10	69958727	69958948	1069	795	FALSE	TRUE	TRUE
10	69958953	69959014	444	721	FALSE	TRUE	TRUE
10	69959019	69959093	408	636	FALSE	TRUE	TRUE
10	69959098	69959152	631	557	FALSE	TRUE	TRUE
10	69959157	69959495	572	582	FALSE	TRUE	TRUE
10	69959500	69959527	525	384	FALSE	TRUE	TRUE
10	69959532	69959676	0	457	FALSE	TRUE	TRUE
10	69959681	69960018	559	40	TRUE	FALSE	TRUE
10	69960023	69960329	214	73	TRUE	TRUE	FALSE
10	69960334	69960551	70	0	FALSE	FALSE	TRUE
10	69960556	69960732	92	74	FALSE	TRUE	TRUE
10	69960737	69960990	10	5	FALSE	TRUE	TRUE
10	69960995	69961116	4	3	TRUE	FALSE	FALSE
10	69961121	69961152	499	94	FALSE	TRUE	TRUE
10	69961157	69961195	12	150	FALSE	TRUE	TRUE
10	69961200	69961338	0	5	TRUE	TRUE	FALSE
10	69961343	69961682	65	5	TRUE	TRUE	TRUE
10	69961687	69961924	152	319	TRUE	TRUE	TRUE
10	69961929	69962248	7	2	TRUE	FALSE	TRUE
10	69962253	69963080	3	2	TRUE	TRUE	TRUE
10	69963085	69963205	2	7	FALSE	FALSE	TRUE
10	69963210	69963293	15	3	FALSE	FALSE	TRUE
10	69963298	69963299	24	72	FALSE	FALSE	FALSE
10	69963304	69963566	3	28	FALSE	TRUE	TRUE
10	69963571	69963657	300	63	FALSE	TRUE	TRUE
10	69963662	69964058	4	8	FALSE	TRUE	TRUE
10	69964063	69964293	3	7	TRUE	TRUE	FALSE
10	69964298	69964334	430	18	FALSE	TRUE	TRUE
10	69964339	69964342	3	3	FALSE	FALSE	FALSE
10	69964347	69964682	0	483	TRUE	FALSE	TRUE
10	69964687	69964966	3	16	FALSE	TRUE	TRUE
10	69964971	69965303	0	0	TRUE	TRUE	TRUE
10	69965308	69965874	1328	10	TRUE	FALSE	TRUE
10	69965879	69965898	12	12	TRUE	FALSE	FALSE
10	69965903	69966364	5	122	TRUE	TRUE	TRUE
10	69966369	69966749	14	516	FALSE	TRUE	TRUE
10	69966754	69966874	0	0	TRUE	FALSE	FALSE
10	69966879	69967516	17	0	FALSE	FALSE	TRUE
10	69967521	69967564	359	8	FALSE	TRUE	TRUE
10	69967569	69969026	395	44	TRUE	TRUE	TRUE
10	69969031	69969114	0	0	FALSE	TRUE	TRUE
10	69969119	69969350	0	0	FALSE	TRUE	TRUE
10	69969355	69969501	340	341	FALSE	TRUE	TRUE
10	69969506	69969605	18	415	TRUE	FALSE	FALSE
10	69969610	69969648	278	279	FALSE	TRUE	TRUE
10	69969653	69969989	0	0	FALSE	FALSE	TRUE
10	69969994	69970070	0	0	TRUE	FALSE	FALSE
10	69970075	69970148	31	94	TRUE	TRUE	TRUE
10	69970153	69970171	31	0	FALSE	FALSE	FALSE
10	69970176	69970495	0	36	FALSE	TRUE	TRUE
10	69970500	69970668	0	0	FALSE	TRUE	TRUE
10	69970673	69970728	0	0	FALSE	TRUE	TRUE
10	69970733	69970881	492	492	FALSE	TRUE	TRUE
10	69970886	69971087	37	44	FALSE	TRUE	TRUE
10	69971092	69972602	25	342	TRUE	TRUE	TRUE
10	69972607	69972909	362	366	FALSE	TRUE	TRUE
10	69972914	69973636	221	229	TRUE	TRUE	TRUE
10	69973641	69973681	0	0	FALSE	TRUE	FALSE
10	69973686	69973761	261	1328	TRUE	FALSE	FALSE
10	69973766	69974092	0	0	TRUE	TRUE	TRUE
10	69974097	69974457	548	553	TRUE	TRUE	FALSE
10	69974462	69974502	266	267	FALSE	TRUE	FALSE
10	69974507	69974729	262	266	FALSE	FALSE	TRUE
10	69974734	69975023	122	226	FALSE	TRUE	TRUE
10	69975028	69975095	368	369	FALSE	TRUE	TRUE
10	69975100	69975206	424	426	FALSE	TRUE	TRUE
10	69975211	69975217	428	428	FALSE	FALSE	FALSE
10	69975222	69975378	196	199	TRUE	TRUE	TRUE
10	69975383	69975568	369	372	TRUE	FALSE	TRUE
10	69975573	69975690	0	0	FALSE	TRUE	TRUE
10	69975695	69975818	229	231	FALSE	TRUE	TRUE
10	69975823	69976065	1110	93	TRUE	TRUE	TRUE
10	69976070	69976105	402	403	FALSE	TRUE	TRUE
10	69976110	69976317	436	441	FALSE	TRUE	TRUE
10	69976322	69976934	168	182	TRUE	TRUE	TRUE
10	69976939	69977482	0	1	TRUE	TRUE	TRUE
10	69977487	69977519	443	443	TRUE	FALSE	FALSE
10	69977524	69977682	191	322	TRUE	FALSE	FALSE
10	69977687	69977689	70	70	FALSE	FALSE	FALSE
10	69977694	69977710	128	129	FALSE	FALSE	FALSE
10	69977715	69977747	59	60	FALSE	TRUE	TRUE
10	69977752	69977866	356	359	FALSE	TRUE	TRUE
10	69977871	69978098	213	617	TRUE	FALSE	TRUE
10	69978103	69978985	0	0	TRUE	TRUE	TRUE
10	69978990	69979339	24	36	FALSE	TRUE	TRUE
10	69979344	69979546	266	385	FALSE	TRUE	TRUE
10	69979551	69979743	1112	209	FALSE	TRUE	TRUE
10	69979748	69980601	279	856	TRUE	TRUE	FALSE
10	69980606	69980820	821	1006	TRUE	FALSE	TRUE
10	69980825	69980969	827	844	FALSE	TRUE	TRUE
10	69980974	69981051	1243	1072	FALSE	TRUE	TRUE
10	69981056	69981158	1378	1550	FALSE	TRUE	TRUE
10	69981163	69981261	1862	2081	FALSE	TRUE	TRUE
10	69981266	69981884	1735	2673	TRUE	TRUE	FALSE
10	69981889	69981918	3018	2317	FALSE	TRUE	FALSE
10	69981923	69982199	2644	2809	TRUE	FALSE	TRUE
10	69982204	69982478	3239	2418	FALSE	TRUE	TRUE
10	69982483	69982623	2186	2167	FALSE	TRUE	TRUE
10	69982628	69982760	2502	2336	FALSE	TRUE	TRUE
10	69982765	69982814	2131	1820	FALSE	TRUE	TRUE
10	69982819	69982992	2020	2077	TRUE	TRUE	FALSE
10	69982997	69983007	1783	1728	FALSE	FALSE	FALSE
10	69983012	69983011	2052	1844	FALSE	FALSE	FALSE
10	69983016	69983100	1533	2185	TRUE	TRUE	TRUE
10	69983105	69983134	2086	2024	FALSE	TRUE	TRUE
10	69983139	69983260	2170	1198	FALSE	TRUE	TRUE
10	69983265	69983431	1466	1691	FALSE	TRUE	TRUE
10	69983436	69983502	1512	1128	TRUE	TRUE	FALSE
10	69983507	69983512	1398	1113	FALSE	FALSE	FALSE
10	69983517	69984468	1186	539	TRUE	TRUE	TRUE
10	69984473	69984486	653	653	FALSE	FALSE	FALSE
10	69984491	69984606	637	347	TRUE	TRUE	FALSE
10	69984611	69984638	535	416	FALSE	FALSE	TRUE
10	69984643	69984757	758	766	FALSE	TRUE	TRUE
10	69984762	69984767	682	683	FALSE	FALSE	FALSE
10	69984772	69985316	898	938	TRUE	TRUE	TRUE
10	69985321	69985326	883	883	FALSE	FALSE	FALSE
10	69985331	69985461	929	939	TRUE	TRUE	FALSE
10	69985466	69985845	614	643	FALSE	TRUE	TRUE
10	69985850	69985976	816	826	FALSE	TRUE	TRUE
10	69985981	69986359	1071	1101	TRUE	TRUE	TRUE
10	69986364	69986411	676	679	TRUE	FALSE	FALSE
10	69986416	69988136	1054	1201	TRUE	TRUE	TRUE
10	69988141	69988908	923	992	TRUE	TRUE	TRUE
10	69988913	69989344	967	1006	TRUE	TRUE	FALSE
10	69989349	69989424	722	728	TRUE	TRUE	FALSE
10	69989429	69989680	967	990	FALSE	TRUE	TRUE
10	69989685	69989737	825	830	FALSE	TRUE	TRUE
10	69989742	69989768	800	803	FALSE	TRUE	TRUE
10	69989773	69989833	1130	1136	FALSE	TRUE	TRUE
10	69989838	69990193	1173	1205	FALSE	TRUE	TRUE
10	69990198	69990355	1285	1299	FALSE	TRUE	TRUE
10	69990360	69990449	954	963	FALSE	TRUE	TRUE
10	69990454	69990486	854	857	FALSE	TRUE	TRUE
10	69990491	69991164	1460	1521	TRUE	TRUE	FALSE
10	69991169	69991275	905	915	FALSE	TRUE	TRUE
10	69991280	69991697	1306	1343	FALSE	TRUE	TRUE
10	69991702	69992801	1193	1286	FALSE	TRUE	TRUE
10	69992806	69993200	1270	1302	TRUE	FALSE	TRUE
10	69993205	69993242	1044	1047	TRUE	TRUE	FALSE
10	69993247	69993270	1487	1489	FALSE	FALSE	FALSE
10	69993275	69993565	1528	1551	FALSE	TRUE	TRUE
10	69993570	69993748	1276	1290	TRUE	TRUE	TRUE
10	69993753	69993877	1552	1562	FALSE	TRUE	TRUE
10	69993882	69994151	1569	1589	TRUE	TRUE	TRUE
10	69994156	69994497	1112	1136	TRUE	FALSE	FALSE
10	69994502	69994550	1751	1754	FALSE	TRUE	TRUE
10	69994555	69995081	1382	1418	TRUE	FALSE	TRUE
10	69995086	69995445	1652	1674	FALSE	TRUE	TRUE
10	69995450	69995613	1824	1834	TRUE	TRUE	TRUE
10	69995618	69995664	1586	1589	TRUE	TRUE	FALSE
10	69995669	69996239	1581	1445	TRUE	TRUE	FALSE
10	69996244	69996507	1451	1826	TRUE	FALSE	TRUE
10	69996512	69996683	1833	2109	FALSE	TRUE	TRUE
10	69996688	69997101	2117	2878	TRUE	TRUE	TRUE
10	69997106	69997160	2888	2997	TRUE	FALSE	TRUE
10	69997165	69997580	3007	3896	TRUE	TRUE	FALSE
10	69997585	69997627	3907	4001	FALSE	TRUE	TRUE
10	69997632	69997683	4012	4127	FALSE	TRUE	FALSE
10	69997688	69998004	4138	4856	TRUE	TRUE	TRUE
10	69998009	69998158	4867	5202	FALSE	TRUE	TRUE
10	69998163	69998354	5213	5629	FALSE	TRUE	TRUE
10	69998359	69998456	5640	5844	FALSE	TRUE	TRUE
10	69998461	69998677	5854	6280	FALSE	TRUE	TRUE
10	69998682	69998722	6289	6363	FALSE	FALSE	FALSE
10	69998727	69999037	6372	6878	FALSE	FALSE	TRUE
10	69999042	69999864	6885	7500	TRUE	TRUE	TRUE
10	69999869	70000109	7500	7446	TRUE	TRUE	TRUE
10	70000114	70000199	7444	7399	TRUE	TRUE	TRUE
10	70000204	70000248	7396	7367	FALSE	TRUE	TRUE
10	70000253	70000328	7363	7305	FALSE	FALSE	FALSE
10	70000333	70000472	7301	7167	FALSE	TRUE	TRUE
10	70000477	70000827	7161	6687	FALSE	TRUE	TRUE
10	70000832	70001193	6679	6024	TRUE	TRUE	TRUE
10	70001198	70001258	6014	5893	FALSE	TRUE	TRUE
10	70001263	70001499	5883	5381	TRUE	FALSE	TRUE
10	70001504	70001552	5370	5264	FALSE	TRUE	TRUE
10	70001557	70001631	5253	5088	FALSE	TRUE	TRUE
10	70001636	70001676	5076	4987	FALSE	TRUE	TRUE
10	70001681	70001830	4975	4638	FALSE	TRUE	TRUE
10	70001835	70001838	4626	4619	FALSE	FALSE	FALSE
10	70001843	70001857	4608	4576	FALSE	FALSE	FALSE
10	70001862	70001995	4565	4263	TRUE	TRUE	FALSE
10	70002000	70002424	4251	3316	TRUE	TRUE	TRUE
10	70002429	70002601	3306	2950	TRUE	TRUE	FALSE
10	70002606	70002657	2940	2839	FALSE	TRUE	FALSE
10	70002662	70002737	2829	2682	TRUE	FALSE	TRUE
10	70002742	70002793	2673	2576	TRUE	TRUE	FALSE
10	70002798	70002808	2566	2548	FALSE	FALSE	FALSE
10	70002813	70002933	2538	2320	FALSE	TRUE	TRUE
10	70002938	70002969	2311	2256	FALSE	TRUE	TRUE
10	70002974	70003103	2247	2029	TRUE	TRUE	TRUE
10	70003108	70003682	2021	1283	TRUE	TRUE	TRUE
10	70003687	70004235	1379	1348	TRUE	TRUE	TRUE
10	70004240	70004285	1363	1361	FALSE	TRUE	TRUE
10	70004290	70004661	1218	1195	TRUE	TRUE	FALSE
10	70004666	70004962	1543	1524	TRUE	FALSE	TRUE
10	70004967	70005050	1804	1799	FALSE	TRUE	TRUE
10	70005055	70005145	1810	1804	FALSE	TRUE	TRUE
10	70005150	70005184	1138	1135	FALSE	TRUE	TRUE
10	70005189	70005467	1302	1282	TRUE	TRUE	TRUE
10	70005472	70005686	1584	1569	TRUE	FALSE	FALSE
10	70005691	70005762	1423	1418	FALSE	FALSE	TRUE
10	70005767	70005919	1538	1526	TRUE	TRUE	TRUE
10	70005924	70006005	1709	1703	FALSE	FALSE	TRUE
10	70006010	70006098	1604	1597	FALSE	TRUE	TRUE
10	70006103	70006569	1235	1198	TRUE	TRUE	FALSE
10	70006574	70006726	1508	1496	TRUE	FALSE	FALSE
10	70006731	70007034	1185	1160	TRUE	TRUE	FALSE
10	70007039	70007153	1164	1154	FALSE	TRUE	TRUE
10	70007158	70007265	1557	1548	TRUE	TRUE	TRUE
10	70007270	70007275	1056	1055	FALSE	FALSE	FALSE
10	70007280	70007291	1035	1034	FALSE	FALSE	FALSE
10	70007296	70007485	1000	984	FALSE	TRUE	TRUE
10	70007490	70007558	1039	1033	TRUE	FALSE	TRUE
10	70007563	70007619	1429	1424	FALSE	TRUE	TRUE
10	70007624	70007874	1455	1434	FALSE	TRUE	TRUE
10	70007879	70008183	1088	1062	TRUE	TRUE	TRUE
10	70008188	70008366	1296	1280	TRUE	FALSE	FALSE
10	70008371	70008789	1385	1348	TRUE	FALSE	FALSE
10	70008794	70008927	1301	1289	FALSE	TRUE	FALSE
10	70008932	70009185	1324	1301	TRUE	TRUE	TRUE
10	70009190	70009316	981	970	FALSE	TRUE	TRUE
10	70009321	70009564	884	862	TRUE	FALSE	TRUE
10	70009569	70009583	995	994	FALSE	FALSE	FALSE
10	70009588	70009745	1190	1176	FALSE	TRUE	TRUE
10	70009750	70009764	1142	1140	FALSE	FALSE	FALSE
10	70009769	70009895	1341	1329	TRUE	FALSE	TRUE
10	70009900	70009950	1227	1222	FALSE	TRUE	TRUE
10	70009955	70010574	1220	1164	TRUE	FALSE	TRUE
10	70010579	70010590	689	688	FALSE	FALSE	FALSE
10	70010595	70010712	1145	1134	FALSE	TRUE	TRUE
10	70010717	70011294	843	791	FALSE	TRUE	TRUE
10	70011299	70011404	1243	1233	TRUE	TRUE	TRUE
10	70011409	70011667	771	748	FALSE	TRUE	TRUE
10	70011672	70012195	1012	967	TRUE	TRUE	TRUE
10	70012200	70012257	783	778	FALSE	TRUE	TRUE
10	70012262	70012297	696	693	FALSE	TRUE	TRUE
10	70012302	70012348	876	872	FALSE	TRUE	TRUE
10	70012353	70012373	1040	1038	FALSE	FALSE	FALSE
10	70012378	70012378	864	864	FALSE	FALSE	FALSE
10	70012383	70012472	492	484	FALSE	TRUE	TRUE
10	70012477	70012624	746	733	FALSE	TRUE	TRUE
10	70012629	70013106	665	625	TRUE	FALSE	FALSE
10	70013111	70013140	887	885	FALSE	TRUE	TRUE
10	70013145	70013607	816	779	FALSE	TRUE	TRUE
10	70013612	70013779	462	449	FALSE	TRUE	TRUE
10	70013784	70013918	570	559	FALSE	TRUE	TRUE
10	70013923	70014137	471	454	TRUE	TRUE	FALSE
10	70014142	70014182	717	714	FALSE	FALSE	FALSE
10	70014187	70014372	578	564	TRUE	FALSE	TRUE
10	70014377	70014479	424	416	FALSE	TRUE	TRUE
10	70014484	70014607	628	618	FALSE	TRUE	TRUE
10	70014612	70015235	796	751	TRUE	TRUE	FALSE
10	70015240	70015589	383	359	FALSE	FALSE	TRUE
10	70015594	70015936	917	894	TRUE	TRUE	TRUE
10	70015941	70015981	386	384	FALSE	TRUE	TRUE
10	70015986	70015991	409	409	FALSE	FALSE	FALSE
10	70015996	70016075	409	403	FALSE	FALSE	FALSE
10	70016080	70016252	760	749	FALSE	FALSE	TRUE
10	70016257	70016267	578	577	FALSE	FALSE	FALSE
10	70016272	70016321	735	732	FALSE	TRUE	TRUE
10	70016326	70016346	749	748	FALSE	FALSE	FALSE
10	70016351	70016378	408	406	FALSE	TRUE	TRUE
10	70016383	70016404	547	545	FALSE	FALSE	FALSE
10	70016409	70016624	563	550	FALSE	TRUE	TRUE
10	70016629	70016718	549	544	TRUE	TRUE	TRUE
10	70016723	70016910	410	399	TRUE	TRUE	TRUE
10	70016915	70016946	709	707	FALSE	TRUE	TRUE
10	70016951	70016992	328	325	FALSE	TRUE	TRUE
10	70016997	70017738	694	652	TRUE	TRUE	TRUE
10	70017743	70017855	465	459	FALSE	TRUE	TRUE
10	70017860	70017899	488	486	FALSE	TRUE	TRUE
10	70017904	70018037	295	288	TRUE	TRUE	TRUE
10	70018042	70018237	1443	589	FALSE	TRUE	TRUE
10	70018242	70018710	277	254	TRUE	TRUE	TRUE
10	70018715	70018799	583	579	FALSE	TRUE	FALSE
10	70018804	70019329	190	166	FALSE	TRUE	TRUE
10	70019334	70019390	117	114	TRUE	TRUE	FALSE
10	70019395	70019504	299	570	FALSE	TRUE	TRUE
10	70019509	70020072	457	511	TRUE	FALSE	TRUE
10	70020077	70020139	687	196	FALSE	TRUE	TRUE
10	70020144	70020169	612	873	FALSE	TRUE	TRUE
10	70020174	70020192	2	896	TRUE	FALSE	FALSE
10	70020197	70020204	590	63	FALSE	FALSE	FALSE
10	70020209	70020342	358	664	TRUE	TRUE	FALSE
10	70020347	70020434	555	639	FALSE	TRUE	TRUE
10	70020439	70020872	1114	1489	TRUE	TRUE	TRUE
10	70020877	70020953	1199	1664	FALSE	TRUE	TRUE
10	70020958	70021039	1181	1849	FALSE	TRUE	TRUE
10	70021044	70021189	1429	1693	TRUE	TRUE	TRUE
10	70021194	70021577	1541	2351	FALSE	TRUE	TRUE
10	70021582	70021894	1656	2161	TRUE	TRUE	TRUE
10	70021899	70022183	2034	2080	TRUE	TRUE	TRUE
10	70022188	70022239	2127	1922	FALSE	FALSE	FALSE
10	70022244	70022363	2100	2022	TRUE	FALSE	TRUE
10	70022368	70022468	2062	1625	FALSE	TRUE	FALSE
10	70022473	70022525	2243	2241	FALSE	TRUE	FALSE
10	70022530	70022555	1737	1501	FALSE	TRUE	TRUE
10	70022560	70022575	1841	1444	FALSE	FALSE	FALSE
10	70022580	70022642	2187	2008	FALSE	TRUE	TRUE
10	70022647	70022710	1839	1226	FALSE	TRUE	TRUE
10	70022715	70022736	1663	2106	FALSE	FALSE	FALSE
10	70022741	70022847	2105	1428	FALSE	FALSE	TRUE
10	70022852	70022905	1489	1400	FALSE	TRUE	TRUE
10	70022910	70023448	1632	829	FALSE	TRUE	TRUE
10	70023453	70023698	681	471	FALSE	TRUE	TRUE
10	70023703	70023820	279	462	FALSE	TRUE	TRUE
10	70023825	70024347	395	503	TRUE	TRUE	TRUE
10	70024352	70024355	319	128	FALSE	FALSE	FALSE
10	70024360	70024902	0	0	TRUE	TRUE	TRUE
10	70024907	70024912	184	722	FALSE	FALSE	FALSE
10	70024917	70025143	426	423	TRUE	TRUE	TRUE
10	70025148	70025280	50	48	TRUE	TRUE	TRUE
10	70025285	70025325	0	207	FALSE	FALSE	FALSE
10	70025330	70025628	388	383	TRUE	FALSE	TRUE
10	70025633	70025705	285	300	TRUE	TRUE	FALSE
10	70025710	70025993	267	263	FALSE	TRUE	TRUE
10	70025998	70026190	366	364	FALSE	TRUE	TRUE
10	70026195	70026427	47	44	FALSE	TRUE	TRUE
10	70026432	70026510	195	194	TRUE	TRUE	FALSE
10	70026515	70026554	485	485	FALSE	TRUE	TRUE
10	70026559	70026564	503	503	FALSE	FALSE	FALSE
10	70026569	70026666	494	493	TRUE	TRUE	FALSE
10	70026671	70026737	0	0	TRUE	TRUE	FALSE
10	70026742	70027362	216	209	TRUE	TRUE	TRUE
10	70027367	70027384	135	135	FALSE	FALSE	FALSE
10	70027389	70027516	298	297	TRUE	TRUE	TRUE
10	70027521	70027706	0	0	FALSE	TRUE	FALSE
10	70027711	70027842	0	582	FALSE	TRUE	TRUE
10	70027847	70028024	251	69	FALSE	TRUE	TRUE
10	70028029	70028198	477	224	TRUE	TRUE	TRUE
10	70028203	70028253	429	429	FALSE	FALSE	TRUE
10	70028258	70028509	582	691	TRUE	FALSE	TRUE
10	70028514	70028643	112	53	TRUE	TRUE	TRUE
10	70028648	70028708	67	489	FALSE	TRUE	TRUE
10	70028713	70028994	23	22	FALSE	TRUE	TRUE
10	70028999	70029047	475	474	FALSE	TRUE	TRUE
10	70029052	70029176	273	272	FALSE	TRUE	TRUE
10	70029181	70029334	78	20	FALSE	TRUE	TRUE
10	70029339	70029550	0	0	TRUE	TRUE	FALSE
10	70029555	70029737	182	181	TRUE	FALSE	TRUE
10	70029742	70029869	17	17	TRUE	FALSE	TRUE
10	70029874	70030043	272	826	FALSE	TRUE	TRUE
10	70030048	70030422	151	385	TRUE	TRUE	FALSE
10	70030427	70030468	14	14	FALSE	TRUE	TRUE
10	70030473	70030513	14	14	TRUE	FALSE	FALSE
10	70030518	70030548	91	91	FALSE	TRUE	TRUE
10	70030553	70030767	196	673	FALSE	TRUE	TRUE
10	70030772	70030887	82	12	FALSE	TRUE	TRUE
10	70030892	70031065	65	186	FALSE	TRUE	TRUE
10	70031070	70031104	18	285	FALSE	TRUE	TRUE
10	70031109	70031179	467	467	FALSE	TRUE	TRUE
10	70031184	70031522	0	0	TRUE	TRUE	FALSE
10	70031527	70031604	251	251	FALSE	TRUE	TRUE
10	70031609	70031664	0	23	FALSE	TRUE	TRUE
10	70031669	70031687	44	0	FALSE	FALSE	FALSE
10	70031692	70031728	9	33	FALSE	TRUE	TRUE
10	70031733	70031808	51	239	FALSE	FALSE	FALSE
10	70031813	70032034	60	762	TRUE	FALSE	TRUE
10	70032039	70032118	22	262	FALSE	FALSE	FALSE
10	70032123	70032708	8	112	TRUE	FALSE	TRUE
10	70032713	70032724	45	7	FALSE	FALSE	FALSE
10	70032729	70032838	246	8	FALSE	TRUE	TRUE
10	70032843	70032890	48	0	FALSE	TRUE	FALSE
10	70032895	70032936	55	92	FALSE	TRUE	TRUE
10	70032941	70032943	175	175	FALSE	FALSE	FALSE
10	70032948	70032979	0	268	FALSE	FALSE	FALSE
10	70032984	70033186	0	0	FALSE	TRUE	TRUE
10	70033191	70033261	79	13	FALSE	TRUE	TRUE
10	70033266	70033294	245	245	FALSE	TRUE	TRUE
10	70033299	70033339	376	376	FALSE	TRUE	TRUE
10	70033344	70033374	108	107	FALSE	TRUE	TRUE
10	70033379	70033428	0	0	FALSE	TRUE	TRUE
10	70033433	70033454	9	7	FALSE	FALSE	FALSE
10	70033459	70033743	88	13	TRUE	TRUE	TRUE
10	70033748	70033778	279	279	FALSE	TRUE	TRUE
10	70033783	70034203	17	248	TRUE	TRUE	TRUE
10	70034208	70034484	5	215	FALSE	TRUE	TRUE
10	70034489	70034627	25	151	FALSE	TRUE	TRUE
10	70034632	70034976	213	3	TRUE	TRUE	TRUE
10	70034981	70035395	39	204	FALSE	TRUE	TRUE
10	70035400	70035550	216	216	TRUE	TRUE	TRUE
10	70035555	70035571	52	3	FALSE	FALSE	FALSE
10	70035576	70035645	334	10	FALSE	TRUE	TRUE
10	70035650	70035997	2	55	TRUE	TRUE	TRUE
10	70036002	70036087	4	8	TRUE	TRUE	FALSE
10	70036092	70036248	8	0	FALSE	TRUE	TRUE
10	70036253	70036289	266	3	FALSE	TRUE	TRUE
10	70036294	70036591	177	4	FALSE	TRUE	FALSE
10	70036596	70036620	4	14	FALSE	FALSE	FALSE
10	70036625	70036639	103	2	FALSE	FALSE	FALSE
10	70036644	70036707	21	2	TRUE	FALSE	TRUE
10	70036712	70036716	7	26	FALSE	FALSE	FALSE
10	70036721	70036831	12	12	FALSE	TRUE	FALSE
10	70036836	70037443	439	6	TRUE	FALSE	TRUE
10	70037448	70037584	37	68	TRUE	FALSE	TRUE
10	70037589	70037660	190	0	FALSE	FALSE	TRUE
10	70037665	70037787	164	10	FALSE	TRUE	TRUE
10	70037792	70037939	3	11	TRUE	TRUE	FALSE
10	70037944	70038082	401	401	FALSE	TRUE	TRUE
10	70038087	70038147	0	6	FALSE	TRUE	TRUE
10	70038152	70038375	1	11	FALSE	TRUE	TRUE
10	70038380	70038493	64	51	FALSE	TRUE	FALSE
10	70038498	70038533	1	292	FALSE	TRUE	TRUE
10	70038538	70038659	1	23	TRUE	TRUE	TRUE
10	70038664	70038677	101	1	FALSE	FALSE	FALSE
10	70038682	70038683	19	11	FALSE	FALSE	FALSE
10	70038688	70038700	23	1	FALSE	FALSE	FALSE
10	70038705	70038921	2	142	FALSE	TRUE	TRUE
10	70038926	70038992	2	186	FALSE	TRUE	TRUE
10	70038997	70039037	0	0	FALSE	TRUE	TRUE
10	70039042	70039549	2	6	TRUE	TRUE	FALSE
10	70039554	70039744	0	2	FALSE	TRUE	FALSE
10	70039749	70039823	19	8	FALSE	TRUE	FALSE
10	70039828	70040330	42	2	TRUE	FALSE	TRUE
10	70040335	70040358	4	89	FALSE	FALSE	FALSE
10	70040363	70040483	3	177	TRUE	TRUE	FALSE
10	70040488	70040493	3	19	FALSE	FALSE	FALSE
10	70040498	70040748	0	2	TRUE	FALSE	TRUE
10	70040753	70040820	0	1	FALSE	TRUE	TRUE
10	70040825	70041047	6	0	FALSE	TRUE	FALSE
10	70041052	70041127	5	19	TRUE	FALSE	TRUE
10	70041132	70041278	10	0	FALSE	TRUE	TRUE
10	70041283	70041671	2	65	TRUE	TRUE	FALSE
10	70041676	70041822	3	38	TRUE	FALSE	TRUE
10	70041827	70041988	3	1	TRUE	TRUE	FALSE
10	70041993	70042033	3	33	FALSE	FALSE	FALSE
10	70042038	70042078	9	9	FALSE	FALSE	TRUE
10	70042083	70042330	3	1	TRUE	TRUE	TRUE
10	70042335	70042486	1	44	FALSE	TRUE	TRUE
10	70042491	70042519	30	2	FALSE	TRUE	TRUE
10	70042524	70042919	4	76	TRUE	TRUE	TRUE
10	70042924	70043115	2	0	FALSE	TRUE	TRUE
10	70043120	70043150	19	0	FALSE	TRUE	TRUE
10	70043155	70043417	1	0	FALSE	TRUE	TRUE
10	70043422	70043612	152	0	TRUE	TRUE	TRUE
10	70043617	70043647	0	1	FALSE	FALSE	FALSE
10	70043652	70043702	2	13	FALSE	FALSE	FALSE
10	70043707	70043782	53	6	TRUE	TRUE	TRUE
10	70043787	70043820	0	4	FALSE	TRUE	TRUE
10	70043825	70044992	0	0	TRUE	TRUE	TRUE
10	70044997	70045003	2	0	FALSE	FALSE	FALSE
10	70045008	70045104	1	0	FALSE	TRUE	TRUE
10	70045109	70045501	1	2	TRUE	TRUE	TRUE
10	70045506	70045583	3	5	FALSE	TRUE	TRUE
10	70045588	70045591	6	19	FALSE	FALSE	FALSE
10	70045596	70045636	0	0	FALSE	FALSE	FALSE
10	70045641	70045988	6	6	TRUE	FALSE	FALSE
10	70045993	70046123	485	9	FALSE	TRUE	TRUE
10	70046128	70046328	4	11	FALSE	TRUE	TRUE
10	70046333	70046374	8	0	FALSE	TRUE	FALSE
10	70046379	70046699	5	0	TRUE	TRUE	FALSE
10	70046704	70046745	0	0	FALSE	FALSE	TRUE
10	70046750	70047155	1389	0	FALSE	FALSE	TRUE
10	70047160	70047421	0	3	FALSE	TRUE	TRUE
10	70047426	70047551	1	9	FALSE	TRUE	TRUE
10	70047556	70047628	138	4	TRUE	FALSE	TRUE
10	70047633	70047767	1	0	FALSE	TRUE	TRUE
10	70047772	70047893	206	16	FALSE	TRUE	TRUE
10	70047898	70048074	0	2	FALSE	TRUE	TRUE
10	70048079	70048590	5	12	TRUE	TRUE	TRUE
10	70048595	70048807	0	0	FALSE	TRUE	TRUE
10	70048812	70048880	2	33	TRUE	FALSE	TRUE
10	70048885	70049099	2	8	TRUE	TRUE	TRUE
10	70049104	70049143	488	1	FALSE	FALSE	FALSE
10	70049148	70049530	2	1	TRUE	TRUE	TRUE
10	70049535	70049733	3	0	TRUE	TRUE	FALSE
10	70049738	70049929	0	3	FALSE	TRUE	TRUE
10	70049934	70050161	268	17	TRUE	TRUE	TRUE
10	70050166	70050289	0	18	TRUE	TRUE	FALSE
10	70050294	70050333	8	20	FALSE	TRUE	FALSE
10	70050338	70050343	3	508	FALSE	FALSE	FALSE
10	70050348	70050613	0	1	TRUE	TRUE	TRUE
10	70050618	70050710	1	4	FALSE	TRUE	TRUE
10	70050715	70050744	0	0	FALSE	TRUE	TRUE
10	70050749	70050879	2	67	FALSE	TRUE	TRUE
10	70050884	70050974	3	0	FALSE	TRUE	TRUE
10	70050979	70051048	0	25	FALSE	TRUE	TRUE
10	70051053	70051111	0	9	FALSE	TRUE	TRUE
10	70051116	70051128	6	1	FALSE	FALSE	FALSE
10	70051133	70051139	6	4	FALSE	FALSE	FALSE
10	70051144	70051173	0	2	FALSE	TRUE	TRUE
10	70051178	70051365	0	4	FALSE	TRUE	TRUE
10	70051370	70051564	107	7	FALSE	TRUE	TRUE
10	70051569	70051786	0	7	TRUE	TRUE	TRUE
10	70051791	70051987	7	2	FALSE	TRUE	TRUE
10	70051992	70052046	3	6	FALSE	TRUE	TRUE
10	70052051	70052288	332	0	TRUE	TRUE	TRUE
10	70052293	70052465	2	1	TRUE	FALSE	TRUE
10	70052470	70052761	1	30	FALSE	FALSE	FALSE
10	70052766	70052895	0	0	FALSE	TRUE	FALSE
10	70052900	70053125	3	11	FALSE	TRUE	TRUE
10	70053130	70053240	30	43	FALSE	TRUE	TRUE
10	70053245	70053546	92	256	FALSE	TRUE	FALSE
10	70053551	70053839	7	1296	TRUE	FALSE	TRUE
10	70053844	70054082	37	358	TRUE	TRUE	FALSE
10	70054087	70054104	370	15	FALSE	FALSE	FALSE
10	70054109	70054329	293	519	FALSE	TRUE	TRUE
10	70054334	70054638	31	428	FALSE	TRUE	TRUE
10	70054643	70054984	436	442	TRUE	FALSE	TRUE
10	70054989	70055383	370	617	TRUE	FALSE	TRUE
10	70055388	70055433	306	493	TRUE	FALSE	FALSE
10	70055438	70055523	734	816	TRUE	TRUE	FALSE
10	70055528	70055896	808	683	TRUE	FALSE	TRUE
10	70055901	70056061	591	913	FALSE	TRUE	TRUE
10	70056066	70056160	1058	1139	TRUE	TRUE	FALSE
10	70056165	70056214	1137	909	FALSE	TRUE	TRUE
10	70056219	70056232	898	971	FALSE	FALSE	FALSE
10	70056237	70056380	1171	905	TRUE	TRUE	TRUE
10	70056385	70056579	1031	1267	TRUE	TRUE	FALSE
10	70056584	70056724	1246	754	FALSE	TRUE	TRUE
10	70056729	70056916	945	910	TRUE	TRUE	TRUE
10	70056921	70057154	923	845	TRUE	TRUE	TRUE
10	70057159	70057171	590	1220	FALSE	FALSE	FALSE
10	70057176	70057588	949	852	TRUE	TRUE	TRUE
10	70057593	70057747	439	170	FALSE	FALSE	TRUE
10	70057752	70057871	389	299	FALSE	TRUE	TRUE
10	70057876	70057958	428	633	TRUE	TRUE	TRUE
10	70057963	70058087	716	158	TRUE	FALSE	TRUE
10	70058092	70058118	319	305	FALSE	FALSE	TRUE
10	70058123	70058273	193	171	TRUE	FALSE	TRUE
10	70058278	70058501	128	151	FALSE	TRUE	TRUE
10	70058506	70059233	82	7	TRUE	TRUE	TRUE
10	70059238	70059288	20	0	FALSE	TRUE	TRUE
10	70059293	70059427	213	8	TRUE	TRUE	FALSE
10	70059432	70059563	5	2	FALSE	FALSE	FALSE
10	70059568	70059631	29	44	FALSE	FALSE	TRUE
10	70059636	70059801	2	2	TRUE	TRUE	TRUE
10	70059806	70059846	2	0	FALSE	FALSE	FALSE
10	70059851	70059926	9	1	FALSE	TRUE	TRUE
10	70059931	70060034	16	6	FALSE	TRUE	TRUE
10	70060039	70060066	5	9	FALSE	TRUE	TRUE
10	70060071	70060132	44	17	FALSE	TRUE	TRUE
10	70060137	70060394	3	2	TRUE	TRUE	TRUE
10	70060399	70060851	491	1	TRUE	TRUE	TRUE
10	70060856	70060931	12	21	TRUE	FALSE	FALSE
10	70060936	70061173	0	148	FALSE	TRUE	TRUE
10	70061178	70061216	15	0	FALSE	TRUE	TRUE
10	70061221	70061731	2	38	TRUE	TRUE	TRUE
10	70061736	70061801	15	0	FALSE	TRUE	TRUE
10	70061806	70061993	49	54	FALSE	TRUE	TRUE
10	70061998	70062551	1	143	TRUE	TRUE	FALSE
10	70062556	70062673	429	0	FALSE	TRUE	TRUE
10	70062678	70062752	2	3	FALSE	TRUE	TRUE
10	70062757	70062974	83	2	FALSE	TRUE	FALSE
10	70062979	70063041	0	5	FALSE	TRUE	TRUE
10	70063046	70063238	0	1	TRUE	FALSE	TRUE
10	70063243	70063721	2	6	FALSE	TRUE	TRUE
10	70063726	70064036	26	13	FALSE	TRUE	TRUE
10	70064041	70064174	5	27	FALSE	TRUE	TRUE
10	70064179	70064503	51	59	FALSE	TRUE	TRUE
10	70064508	70064511	1	5	FALSE	FALSE	FALSE
10	70064516	70064611	2	0	FALSE	TRUE	TRUE
10	70064616	70065180	0	0	FALSE	TRUE	TRUE
10	70065185	70065371	0	1	TRUE	TRUE	TRUE
10	70065376	70065615	0	1	TRUE	FALSE	TRUE
10	70065620	70066378	84	3	TRUE	TRUE	TRUE
10	70066383	70067065	1	23	TRUE	TRUE	TRUE
10	70067070	70067316	316	226	TRUE	TRUE	FALSE
10	70067321	70067456	114	323	FALSE	FALSE	FALSE
10	70067461	70067534	75	0	TRUE	FALSE	FALSE
10	70067539	70067581	151	0	FALSE	TRUE	TRUE
10	70067586	70067599	64	352	FALSE	FALSE	FALSE
10	70067604	70067926	219	485	TRUE	TRUE	TRUE
10	70067931	70068414	381	1451	TRUE	TRUE	FALSE
10	70068419	70068496	1461	1937	FALSE	FALSE	FALSE
10	70068501	70068598	1952	2233	TRUE	FALSE	TRUE
10	70068603	70068754	2714	2607	FALSE	FALSE	TRUE
10	70068759	70068878	2669	3045	FALSE	TRUE	TRUE
10	70068883	70069379	2766	1944	TRUE	TRUE	FALSE
10	70069384	70069424	2015	2306	FALSE	FALSE	TRUE
10	70069429	70069434	2147	2133	FALSE	FALSE	FALSE
10	70069439	70069752	1838	1190	TRUE	FALSE	FALSE
10	70069757	70070098	680	340	FALSE	TRUE	TRUE
10	70070103	70070272	553	410	FALSE	TRUE	TRUE
10	70070277	70070512	561	0	TRUE	FALSE	TRUE
10	70070517	70070709	0	275	FALSE	TRUE	TRUE
10	70070714	70070791	0	43	FALSE	TRUE	TRUE
10	70070796	70071015	0	309	TRUE	TRUE	FALSE
10	70071020	70071068	118	30	FALSE	FALSE	TRUE
10	70071073	70071258	0	355	TRUE	FALSE	FALSE
10	70071263	70071368	1	2	TRUE	TRUE	FALSE
10	70071373	70071378	0	0	FALSE	FALSE	FALSE
10	70071383	70071462	3	4	FALSE	FALSE	TRUE
10	70071467	70071976	2	404	TRUE	TRUE	TRUE
10	70071981	70072520	3	118	FALSE	TRUE	TRUE
10	70072525	70072568	168	141	FALSE	TRUE	FALSE
10	70072573	70072815	0	0	TRUE	FALSE	TRUE
10	70072820	70072870	91	0	FALSE	TRUE	TRUE
10	70072875	70073387	0	430	TRUE	FALSE	TRUE
10	70073392	70074012	341	926	TRUE	TRUE	FALSE
10	70074017	70074201	1609	1414	FALSE	TRUE	TRUE
10	70074206	70074700	1227	1605	FALSE	TRUE	FALSE
10	70074705	70074745	1854	1666	FALSE	TRUE	TRUE
10	70074750	70074946	1585	1822	TRUE	FALSE	TRUE
10	70074951	70075066	1809	1446	FALSE	TRUE	TRUE
10	70075071	70075156	1035	1505	FALSE	FALSE	FALSE
10	70075161	70075201	1190	985	FALSE	FALSE	TRUE
10	70075206	70075435	1470	841	TRUE	TRUE	TRUE
10	70075440	70075564	641	257	FALSE	TRUE	TRUE
10	70075569	70076011	1081	253	FALSE	TRUE	TRUE
10	70076016	70076504	349	68	TRUE	TRUE	TRUE
10	70076509	70076723	387	93	FALSE	FALSE	FALSE
10	70076728	70076823	68	563	FALSE	TRUE	TRUE
10	70076828	70077164	0	4	FALSE	TRUE	TRUE
10	70077169	70077367	256	3	FALSE	TRUE	FALSE
10	70077372	70077416	12	36	FALSE	FALSE	TRUE
10	70077421	70077422	41	55	FALSE	FALSE	FALSE
10	70077427	70078171	0	0	TRUE	FALSE	TRUE
10	70078176	70078235	5	9	FALSE	TRUE	TRUE
10	70078240	70079023	3	2	TRUE	TRUE	TRUE
10	70079028	70079030	1	0	FALSE	FALSE	FALSE
10	70079035	70079060	3	0	FALSE	TRUE	TRUE
10	70079065	70079254	14	2	TRUE	TRUE	FALSE
10	70079259	70079724	0	0	TRUE	FALSE	FALSE
10	70079729	70079778	2	27	FALSE	FALSE	TRUE
10	70079783	70079943	0	2	TRUE	FALSE	TRUE
10	70079948	70080125	1366	26	FALSE	TRUE	TRUE
10	70080130	70080554	0	0	TRUE	TRUE	TRUE
10	70080559	70080670	6	4	TRUE	TRUE	TRUE
10	70080675	70080857	111	7	TRUE	TRUE	FALSE
10	70080862	70081179	0	87	TRUE	TRUE	TRUE
10	70081184	70081261	3	5	FALSE	TRUE	TRUE
10	70081266	70081387	3	3	FALSE	TRUE	TRUE
10	70081392	70081784	0	16	FALSE	TRUE	TRUE
10	70081789	70081865	0	3	TRUE	TRUE	FALSE
10	70081870	70081876	12	0	FALSE	FALSE	FALSE
10	70081881	70082017	293	0	FALSE	TRUE	TRUE
10	70082022	70082280	0	5	TRUE	TRUE	TRUE
10	70082285	70082368	3	2	TRUE	FALSE	FALSE
10	70082373	70082476	43	4	FALSE	FALSE	TRUE
10	70082481	70082938	0	4	TRUE	TRUE	FALSE
10	70082943	70083043	2	5	TRUE	FALSE	TRUE
10	70083048	70083099	0	15	TRUE	FALSE	FALSE
10	70083104	70083242	0	1	FALSE	TRUE	TRUE
10	70083247	70083740	0	3	TRUE	TRUE	TRUE
10	70083745	70083855	5	0	FALSE	TRUE	TRUE
10	70083860	70083957	21	41	FALSE	TRUE	TRUE
10	70083962	70084087	2	1	TRUE	TRUE	FALSE
10	70084092	70084132	0	2	FALSE	FALSE	FALSE
10	70084137	70084166	14	2	TRUE	FALSE	FALSE
10	70084171	70084515	617	0	FALSE	FALSE	FALSE
10	70084520	70084571	0	2	FALSE	TRUE	FALSE
10	70084576	70084616	0	0	TRUE	FALSE	FALSE
10	70084621	70084661	0	68	FALSE	FALSE	FALSE
10	70084666	70084815	68	44	TRUE	TRUE	FALSE
10	70084820	70085055	1	2	FALSE	FALSE	TRUE
10	70085060	70085135	5	65	TRUE	TRUE	FALSE
10	70085140	70085490	1	16	TRUE	TRUE	TRUE
10	70085495	70085582	0	61	TRUE	FALSE	TRUE
10	70085587	70085937	3	3	FALSE	TRUE	FALSE
10	70085942	70085947	30	1	FALSE	FALSE	FALSE
10	70085952	70085995	4	3	FALSE	TRUE	TRUE
10	70086000	70086075	1	0	TRUE	FALSE	TRUE
10	70086080	70086431	1	1	FALSE	TRUE	TRUE
10	70086436	70086526	6	15	FALSE	TRUE	TRUE
10	70086531	70086584	0	0	FALSE	TRUE	FALSE
10	70086589	70086618	1	0	FALSE	TRUE	FALSE
10	70086623	70086673	1	0	FALSE	FALSE	FALSE
10	70086678	70086992	50	6	TRUE	FALSE	TRUE
10	70086997	70087215	254	0	TRUE	TRUE	TRUE
10	70087220	70087249	575	1	TRUE	FALSE	FALSE
10	70087254	70087300	1	0	FALSE	FALSE	TRUE
10	70087305	70087304	2	0	FALSE	FALSE	FALSE
10	70087309	70087384	0	25	FALSE	TRUE	TRUE
10	70087389	70088210	5	0	FALSE	FALSE	TRUE
10	70088215	70088249	6	0	FALSE	TRUE	TRUE
10	70088254	70088779	2	2	TRUE	TRUE	TRUE
10	70088784	70089110	5	2	TRUE	FALSE	TRUE
10	70089115	70089283	0	578	FALSE	TRUE	TRUE
10	70089288	70089950	0	0	FALSE	TRUE	TRUE
10	70089955	70090085	0	3	TRUE	TRUE	FALSE
10	70090090	70090967	11	3	TRUE	TRUE	TRUE
10	70090972	70091171	0	2	FALSE	TRUE	TRUE
10	70091176	70091357	4	10	TRUE	FALSE	TRUE
10	70091362	70091716	193	51	TRUE	TRUE	TRUE
10	70091721	70092894	2	485	TRUE	TRUE	TRUE
10	70092899	70092978	1	14	FALSE	TRUE	TRUE
10	70092983	70093294	490	0	FALSE	TRUE	TRUE
10	70093299	70093504	16	488	TRUE	TRUE	TRUE
10	70093509	70094370	0	40	FALSE	TRUE	TRUE
10	70094375	70094388	0	2	FALSE	FALSE	FALSE
10	70094393	70094555	14	1	FALSE	TRUE	TRUE
10	70094560	70095093	1296	0	TRUE	TRUE	TRUE
10	70095098	70095475	4	8	TRUE	FALSE	TRUE
10	70095480	70095777	0	0	FALSE	TRUE	TRUE
10	70095782	70095849	22	5	FALSE	TRUE	TRUE
10	70095854	70096849	11	0	TRUE	TRUE	TRUE
10	70096854	70097369	4	3	FALSE	TRUE	TRUE
10	70097374	70098560	0	28	TRUE	TRUE	TRUE
10	70098565	70098578	929	4	FALSE	FALSE	FALSE
10	70098583	70098699	0	161	FALSE	TRUE	TRUE
10	70098704	70098870	11	2	FALSE	TRUE	TRUE
10	70098875	70099207	94	19	FALSE	TRUE	TRUE
10	70099212	70099246	165	0	FALSE	TRUE	TRUE
10	70099251	70099388	10	4	FALSE	TRUE	TRUE
10	70099393	70099993	282	5	TRUE	TRUE	FALSE
